Workbook

Sheet Parâmetros
A1: Parâmetros da Simulação — Aportes Mensais
A3: Insira os valores em azul (fundo amarelo). As demais células são calculadas automaticamente.
A5: Parâmetro | B5: Valor | D5: Observação
A6: Aporte inicial (mês 1) | B6: 500 | D6: R$ investido no primeiro mês
A7: Meta (valor a atingir) | B7: 1000000 | D7: Objetivo em reais
A8: Rentabilidade anual | B8: 0.1 | D8: Retorno do investimento ao ano
A9: Inflação anual | B9: 0.05 | D9: Inflação (IPCA ou proxy) esperada ao ano
A10: Cresc. real do aporte (anual) | B10: 0.05 | D10: Reajuste do aporte ACIMA da inflação
A12: Taxas mensais equivalentes (calculadas)
A13: Rentab. mensal | B13: =(1+B8)^(1/12)-1 -> 0.0079741404 | D13: (1+anual)^(1/12)-1
A14: Infl. mensal | B14: =(1+B9)^(1/12)-1 -> 0.0040741238 | D14: (1+anual)^(1/12)-1
A15: Cresc. mensal (real aporte) | B15: =(1+B10)^(1/12)-1 -> 0.0040741238 | D15: (1+anual)^(1/12)-1
A16: Cresc. nominal aporte (mensal) | B16: =((1+B9)*(1+B10))^(1/12)-1 -> 0.0081648461 | D16: ((1+infl_anual)*(1+cresc_real_anual))^(1/12)-1

Sheet Resumo
A1: Resumo — Quando Chego a R$ 1.000.000?
A3: Cálculos baseados na aba 'Projeção' (480 meses = 40 anos simulados, usando os aportes REALIZADOS).
A5: ① Considerando o SALDO NOMINAL (sem descontar inflação)
A6: Mês em que o saldo atinge a meta | B6: =IF(COUNTIF('Projeção'!G2:G481,">="&'Parâmetros'!$B$7)=0,"Não atingido em 40 anos",COUNTIF('Projeção'!G2:G481,"<"&'Parâmetros'!$B$7)+1) -> 257
A7: Tempo (anos e meses) | B7: =IF(ISNUMBER(B6),INT((B6-1)/12)&" anos e "&MOD(B6-1,12)&" meses","-") -> 21 anos e 4 meses
A8: Saldo nominal nesse mês (R$) | B8: {=IF(ISNUMBER(B6),INDEX('Projeção'!G2:G481,B6),"-")} -> 1005751.4
A9: Aporte realizado nesse mês (R$) | B9: {=IF(ISNUMBER(B6),INDEX('Projeção'!D2:D481,B6),"-")} -> 4009.0989
A11: ② Considerando o VALOR DE HOJE (poder de compra, descontada a inflação)
A12: Mês em que o saldo (real) atinge a meta | B12: =IF(COUNTIF('Projeção'!H2:H481,">="&'Parâmetros'!$B$7)=0,"Não atingido em 40 anos",COUNTIF('Projeção'!H2:H481,"<"&'Parâmetros'!$B$7)+1) -> 405
A13: Tempo (anos e meses) | B13: =IF(ISNUMBER(B12),INT((B12-1)/12)&" anos e "&MOD(B12-1,12)&" meses","-") -> 33 anos e 8 meses
A14: Saldo NOMINAL nesse mês (R$) | B14: {=IF(ISNUMBER(B12),INDEX('Projeção'!G2:G481,B12),"-")} -> 5208005.2
A15: Saldo a valor de hoje nesse mês (R$) | B15: {=IF(ISNUMBER(B12),INDEX('Projeção'!H2:H481,B12),"-")} -> 1003535.1
A16: Aporte realizado nesse mês (R$) | B16: {=IF(ISNUMBER(B12),INDEX('Projeção'!D2:D481,B12),"-")} -> 13357.222
A18: Nota: 'valor de hoje' = saldo nominal dividido pela inflação acumulada — ou seja, o poder de compra equivalente em reais de hoje.
A19: Esses resultados usam os aportes REALIZADOS (coluna D da Projeção). Se você não editar nada, Realizado = Projetado e os números batem com o cenário original.
A20: A simulação cobre 480 meses (40 anos). Se aparecer 'Não atingido em 40 anos', abra a aba Projeção e arraste as fórmulas para mais linhas.

Sheet Projeção
A1: Mês | B1: Ano | C1: Aporte Projetado (R$) | D1: Aporte Realizado (R$) | E1: Saldo dia do Aporte - 12 (R$) | F1: Rendimento do Mês (R$) | G1: Saldo Final Nominal (R$) | H1: Saldo Final a Valor de 2026 (R$) | I1: % da Meta | J1: Aporte Acumulado (R$) | K1: Juros Acumulado (R$) | L1: Saldo Nominal Visualizado (R$) | M1: Rendimento Visualizado (R$)
A2: 1 | B2: =ROUNDUP(A2/12,0) -> 1 | C2: ='Parâmetros'!$B$6 -> 500 | D2: 1495.55 | E2: 0 | F2: =E2*'Parâmetros'!$B$13 -> 0 | G2: =E2+D2+F2 -> 1495.55 | H2: =G2/(1+'Parâmetros'!$B$14)^A2 -> 1489.4817 | I2: =H2/'Parâmetros'!$B$7 -> 0.0014894817 | J2: =SUM($D$2:D2) -> 1495.55 | K2: =G2-J2 -> 0 | L2: 1500 | M2: 0 | N2: 46217 | O2: 2032 IPCA + 8.08
A3: 2 | B3: =ROUNDUP(A3/12,0) -> 1 | C3: =C2*(1+'Parâmetros'!$B$16) -> 504.08242 | D3: 0 | E3: =G2 -> 1495.55 | F3: =E3*'Parâmetros'!$B$13 -> 11.925726 | G3: =E3+D3+F3 -> 1507.4757 | H3: =G3/(1+'Parâmetros'!$B$14)^A3 -> 1495.2671 | I3: =H3/'Parâmetros'!$B$7 -> 0.0014952671 | J3: =SUM($D$2:D3) -> 1495.55 | K3: =G3-J3 -> 11.925726
A4: 3 | B4: =ROUNDUP(A4/12,0) -> 1 | C4: =C3*(1+'Parâmetros'!$B$16) -> 508.19818 | D4: 0 | E4: =G3 -> 1507.4757 | F4: =E4*'Parâmetros'!$B$13 -> 12.020823 | G4: =E4+D4+F4 -> 1519.4965 | H4: =G4/(1+'Parâmetros'!$B$14)^A4 -> 1501.075 | I4: =H4/'Parâmetros'!$B$7 -> 0.001501075 | J4: =SUM($D$2:D4) -> 1495.55 | K4: =G4-J4 -> 23.946549
A5: 4 | B5: =ROUNDUP(A5/12,0) -> 1 | C5: =C4*(1+'Parâmetros'!$B$16) -> 512.34754 | D5: =C5 -> 512.34754 | E5: =G4 -> 1519.4965 | F5: =E5*'Parâmetros'!$B$13 -> 12.116679 | G5: =E5+D5+F5 -> 2043.9608 | H5: =G5/(1+'Parâmetros'!$B$14)^A5 -> 2010.9879 | I5: =H5/'Parâmetros'!$B$7 -> 0.0020109879 | J5: =SUM($D$2:D5) -> 2007.8975 | K5: =G5-J5 -> 36.063228
A6: 5 | B6: =ROUNDUP(A6/12,0) -> 1 | C6: =C5*(1+'Parâmetros'!$B$16) -> 516.53078 | D6: =C6 -> 516.53078 | E6: =G5 -> 2043.9608 | F6: =E6*'Parâmetros'!$B$13 -> 16.29883 | G6: =E6+D6+F6 -> 2576.7904 | H6: =G6/(1+'Parâmetros'!$B$14)^A6 -> 2524.9351 | I6: =H6/'Parâmetros'!$B$7 -> 0.0025249351 | J6: =SUM($D$2:D6) -> 2524.4283 | K6: =G6-J6 -> 52.362058
A7: 6 | B7: =ROUNDUP(A7/12,0) -> 1 | C7: =C6*(1+'Parâmetros'!$B$16) -> 520.74817 | D7: =C7 -> 520.74817 | E7: =G6 -> 2576.7904 | F7: =E7*'Parâmetros'!$B$13 -> 20.547688 | G7: =E7+D7+F7 -> 3118.0862 | H7: =G7/(1+'Parâmetros'!$B$14)^A7 -> 3042.9406 | I7: =H7/'Parâmetros'!$B$7 -> 0.0030429406 | J7: =SUM($D$2:D7) -> 3045.1765 | K7: =G7-J7 -> 72.909746
A8: 7 | B8: =ROUNDUP(A8/12,0) -> 1 | C8: =C7*(1+'Parâmetros'!$B$16) -> 525 | D8: =C8 -> 525 | E8: =G7 -> 3118.0862 | F8: =E8*'Parâmetros'!$B$13 -> 24.864057 | G8: =E8+D8+F8 -> 3667.9503 | H8: =G8/(1+'Parâmetros'!$B$14)^A8 -> 3565.0286 | I8: =H8/'Parâmetros'!$B$7 -> 0.0035650286 | J8: =SUM($D$2:D8) -> 3570.1765 | K8: =G8-J8 -> 97.773804
A9: 8 | B9: =ROUNDUP(A9/12,0) -> 1 | C9: =C8*(1+'Parâmetros'!$B$16) -> 529.28654 | D9: =C9 -> 529.28654 | E9: =G8 -> 3667.9503 | F9: =E9*'Parâmetros'!$B$13 -> 29.248751 | G9: =E9+D9+F9 -> 4226.4856 | H9: =G9/(1+'Parâmetros'!$B$14)^A9 -> 4091.2234 | I9: =H9/'Parâmetros'!$B$7 -> 0.0040912234 | J9: =SUM($D$2:D9) -> 4099.463 | K9: =G9-J9 -> 127.02255
A10: 9 | B10: =ROUNDUP(A10/12,0) -> 1 | C10: =C9*(1+'Parâmetros'!$B$16) -> 533.60809 | D10: =C10 -> 533.60809 | E10: =G9 -> 4226.4856 | F10: =E10*'Parâmetros'!$B$13 -> 33.70259 | G10: =E10+D10+F10 -> 4793.7963 | H10: =G10/(1+'Parâmetros'!$B$14)^A10 -> 4621.5494 | I10: =H10/'Parâmetros'!$B$7 -> 0.0046215494 | J10: =SUM($D$2:D10) -> 4633.0711 | K10: =G10-J10 -> 160.72514
A11: 10 | B11: =ROUNDUP(A11/12,0) -> 1 | C11: =C10*(1+'Parâmetros'!$B$16) -> 537.96492 | D11: =C11 -> 537.96492 | E11: =G10 -> 4793.7963 | F11: =E11*'Parâmetros'!$B$13 -> 38.226405 | G11: =E11+D11+F11 -> 5369.9876 | H11: =G11/(1+'Parâmetros'!$B$14)^A11 -> 5156.0311 | I11: =H11/'Parâmetros'!$B$7 -> 0.0051560311 | J11: =SUM($D$2:D11) -> 5171.036 | K11: =G11-J11 -> 198.95155
A12: 11 | B12: =ROUNDUP(A12/12,0) -> 1 | C12: =C11*(1+'Parâmetros'!$B$16) -> 542.35732 | D12: =C12 -> 542.35732 | E12: =G11 -> 5369.9876 | F12: =E12*'Parâmetros'!$B$13 -> 42.821035 | G12: =E12+D12+F12 -> 5955.1659 | H12: =G12/(1+'Parâmetros'!$B$14)^A12 -> 5694.6933 | I12: =H12/'Parâmetros'!$B$7 -> 0.0056946933 | J12: =SUM($D$2:D12) -> 5713.3933 | K12: =G12-J12 -> 241.77258
A13: 12 | B13: =ROUNDUP(A13/12,0) -> 1 | C13: =C12*(1+'Parâmetros'!$B$16) -> 546.78558 | D13: =C13 -> 546.78558 | E13: =G12 -> 5955.1659 | F13: =E13*'Parâmetros'!$B$13 -> 47.487329 | G13: =E13+D13+F13 -> 6549.4388 | H13: =G13/(1+'Parâmetros'!$B$14)^A13 -> 6237.5608 | I13: =H13/'Parâmetros'!$B$7 -> 0.0062375608 | J13: =SUM($D$2:D13) -> 6260.1789 | K13: =G13-J13 -> 289.25991
A14: 13 | B14: =ROUNDUP(A14/12,0) -> 2 | C14: =C13*(1+'Parâmetros'!$B$16) -> 551.25 | D14: =C14 -> 551.25 | E14: =G13 -> 6549.4388 | F14: =E14*'Parâmetros'!$B$13 -> 52.226145 | G14: =E14+D14+F14 -> 7152.915 | H14: =G14/(1+'Parâmetros'!$B$14)^A14 -> 6784.6584 | I14: =H14/'Parâmetros'!$B$7 -> 0.0067846584 | J14: =SUM($D$2:D14) -> 6811.4289 | K14: =G14-J14 -> 341.48606
A15: 14 | B15: =ROUNDUP(A15/12,0) -> 2 | C15: =C14*(1+'Parâmetros'!$B$16) -> 555.75087 | D15: =C15 -> 555.75087 | E15: =G14 -> 7152.915 | F15: =E15*'Parâmetros'!$B$13 -> 57.038349 | G15: =E15+D15+F15 -> 7765.7042 | H15: =G15/(1+'Parâmetros'!$B$14)^A15 -> 7336.0114 | I15: =H15/'Parâmetros'!$B$7 -> 0.0073360114 | J15: =SUM($D$2:D15) -> 7367.1798 | K15: =G15-J15 -> 398.52441
A16: 15 | B16: =ROUNDUP(A16/12,0) -> 2 | C16: =C15*(1+'Parâmetros'!$B$16) -> 560.28849 | D16: =C16 -> 560.28849 | E16: =G15 -> 7765.7042 | F16: =E16*'Parâmetros'!$B$13 -> 61.924816 | G16: =E16+D16+F16 -> 8387.9175 | H16: =G16/(1+'Parâmetros'!$B$14)^A16 -> 7891.6448 | I16: =H16/'Parâmetros'!$B$7 -> 0.0078916448 | J16: =SUM($D$2:D16) -> 7927.4683 | K16: =G16-J16 -> 460.44922
... A68: 67 | B68: =ROUNDUP(A68/12,0) -> 6 | C68: =C67*(1+'Parâmetros'!$B$16) -> 855.16968 | D68: =C68 -> 855.16968 | E68: =G67 -> 55633.374 | F68: =E68*'Parâmetros'!$B$13 -> 443.62834 | G68: =E68+D68+F68 -> 56932.172 | H68: =G68/(1+'Parâmetros'!$B$14)^A68 -> 43356.162 | I68: =H68/'Parâmetros'!$B$7 -> 0.043356162 | J68: =SUM($D$2:D68) -> 44338.301 | K68: =G68-J68 -> 12593.87
A69: 68 | B69: =ROUNDUP(A69/12,0) -> 6 | C69: =C68*(1+'Parâmetros'!$B$16) -> 862.15201 | D69: =C69 -> 862.15201 | E69: =G68 -> 56932.172 | F69: =E69*'Parâmetros'!$B$13 -> 453.98513 | G69: =E69+D69+F69 -> 58248.309 | H69: =G69/(1+'Parâmetros'!$B$14)^A69 -> 44178.465 | I69: =H69/'Parâmetros'!$B$7 -> 0.044178465 | J69: =SUM($D$2:D69) -> 45200.453 | K69: =G69-J69 -> 13047.856 | N69: 48441 | O69: 2032 IPCA + 8.08
A70: 69 | B70: =ROUNDUP(A70/12,0) -> 6 | C70: =C69*(1+'Parâmetros'!$B$16) -> 869.19135 | D70: =C70 -> 869.19135 | E70: =G69 -> 58248.309 | F70: =E70*'Parâmetros'!$B$13 -> 464.4802 | G70: =E70+D70+F70 -> 59581.981 | H70: =G70/(1+'Parâmetros'!$B$14)^A70 -> 45006.627 | I70: =H70/'Parâmetros'!$B$7 -> 0.045006627 | J70: =SUM($D$2:D70) -> 46069.645 | K70: =G70-J70 -> 13512.336
A71: 70 | B71: =ROUNDUP(A71/12,0) -> 6 | C71: =C70*(1+'Parâmetros'!$B$16) -> 876.28816 | D71: =C71 -> 876.28816 | E71: =G70 -> 59581.981 | F71: =E71*'Parâmetros'!$B$13 -> 475.11508 | G71: =E71+D71+F71 -> 60933.384 | H71: =G71/(1+'Parâmetros'!$B$14)^A71 -> 45840.68 | I71: =H71/'Parâmetros'!$B$7 -> 0.04584068 | J71: =SUM($D$2:D71) -> 46945.933 | K71: =G71-J71 -> 13987.451
A72: 71 | B72: =ROUNDUP(A72/12,0) -> 6 | C72: =C71*(1+'Parâmetros'!$B$16) -> 883.44292 | D72: =C72 -> 883.44292 | E72: =G71 -> 60933.384 | F72: =E72*'Parâmetros'!$B$13 -> 485.89136 | G72: =E72+D72+F72 -> 62302.718 | H72: =G72/(1+'Parâmetros'!$B$14)^A72 -> 46680.659 | I72: =H72/'Parâmetros'!$B$7 -> 0.046680659 | J72: =SUM($D$2:D72) -> 47829.376 | K72: =G72-J72 -> 14473.342
A73: 72 | B73: =ROUNDUP(A73/12,0) -> 6 | C73: =C72*(1+'Parâmetros'!$B$16) -> 890.65609 | D73: =C73 -> 890.65609 | E73: =G72 -> 62302.718 | F73: =E73*'Parâmetros'!$B$13 -> 496.81062 | G73: =E73+D73+F73 -> 63690.185 | H73: =G73/(1+'Parâmetros'!$B$14)^A73 -> 47526.596 | I73: =H73/'Parâmetros'!$B$7 -> 0.047526596 | J73: =SUM($D$2:D73) -> 48720.032 | K73: =G73-J73 -> 14970.153
A74: 73 | B74: =ROUNDUP(A74/12,0) -> 7 | C74: =C73*(1+'Parâmetros'!$B$16) -> 897.92816 | D74: =C74 -> 897.92816 | E74: =G73 -> 63690.185 | F74: =E74*'Parâmetros'!$B$13 -> 507.87448 | G74: =E74+D74+F74 -> 65095.987 | H74: =G74/(1+'Parâmetros'!$B$14)^A74 -> 48378.528 | I74: =H74/'Parâmetros'!$B$7 -> 0.048378528 | J74: =SUM($D$2:D74) -> 49617.96 | K74: =G74-J74 -> 15478.027
A75: 74 | B75: =ROUNDUP(A75/12,0) -> 7 | C75: =C74*(1+'Parâmetros'!$B$16) -> 905.25961 | D75: =C75 -> 905.25961 | E75: =G74 -> 65095.987 | F75: =E75*'Parâmetros'!$B$13 -> 519.08454 | G75: =E75+D75+F75 -> 66520.332 | H75: =G75/(1+'Parâmetros'!$B$14)^A75 -> 49236.487 | I75: =H75/'Parâmetros'!$B$7 -> 0.049236487 | J75: =SUM($D$2:D75) -> 50523.22 | K75: =G75-J75 -> 15997.112
A76: 75 | B76: =ROUNDUP(A76/12,0) -> 7 | C76: =C75*(1+'Parâmetros'!$B$16) -> 912.65091 | D76: =C76 -> 912.65091 | E76: =G75 -> 66520.332 | F76: =E76*'Parâmetros'!$B$13 -> 530.44246 | G76: =E76+D76+F76 -> 67963.425 | H76: =G76/(1+'Parâmetros'!$B$14)^A76 -> 50100.509 | I76: =H76/'Parâmetros'!$B$7 -> 0.050100509 | J76: =SUM($D$2:D76) -> 51435.871 | K76: =G76-J76 -> 16527.554
A77: 76 | B77: =ROUNDUP(A77/12,0) -> 7 | C77: =C76*(1+'Parâmetros'!$B$16) -> 920.10257 | D77: =C77 -> 920.10257 | E77: =G76 -> 67963.425 | F77: =E77*'Parâmetros'!$B$13 -> 541.94989 | G77: =E77+D77+F77 -> 69425.477 | H77: =G77/(1+'Parâmetros'!$B$14)^A77 -> 50970.628 | I77: =H77/'Parâmetros'!$B$7 -> 0.050970628 | J77: =SUM($D$2:D77) -> 52355.973 | K77: =G77-J77 -> 17069.504
A78: 77 | B78: =ROUNDUP(A78/12,0) -> 7 | C78: =C77*(1+'Parâmetros'!$B$16) -> 927.61506 | D78: =C78 -> 927.61506 | E78: =G77 -> 69425.477 | F78: =E78*'Parâmetros'!$B$13 -> 553.60851 | G78: =E78+D78+F78 -> 70906.701 | H78: =G78/(1+'Parâmetros'!$B$14)^A78 -> 51846.878 | I78: =H78/'Parâmetros'!$B$7 -> 0.051846878 | J78: =SUM($D$2:D78) -> 53283.588 | K78: =G78-J78 -> 17623.113
A79: 78 | B79: =ROUNDUP(A79/12,0) -> 7 | C79: =C78*(1+'Parâmetros'!$B$16) -> 935.1889 | D79: =C79 -> 935.1889 | E79: =G78 -> 70906.701 | F79: =E79*'Parâmetros'!$B$13 -> 565.41999 | G79: =E79+D79+F79 -> 72407.31 | H79: =G79/(1+'Parâmetros'!$B$14)^A79 -> 52729.295 | I79: =H79/'Parâmetros'!$B$7 -> 0.052729295 | J79: =SUM($D$2:D79) -> 54218.777 | K79: =G79-J79 -> 18188.533
A80: 79 | B80: =ROUNDUP(A80/12,0) -> 7 | C80: =C79*(1+'Parâmetros'!$B$16) -> 942.82457 | D80: =C80 -> 942.82457 | E80: =G79 -> 72407.31 | F80: =E80*'Parâmetros'!$B$13 -> 577.38606 | G80: =E80+D80+F80 -> 73927.52 | H80: =G80/(1+'Parâmetros'!$B$14)^A80 -> 53617.915 | I80: =H80/'Parâmetros'!$B$7 -> 0.053617915 | J80: =SUM($D$2:D80) -> 55161.602 | K80: =G80-J80 -> 18765.919
A81: 80 | B81: =ROUNDUP(A81/12,0) -> 7 | C81: =C80*(1+'Parâmetros'!$B$16) -> 950.52259 | D81: =C81 -> 950.52259 | E81: =G80 -> 73927.52 | F81: =E81*'Parâmetros'!$B$13 -> 589.50843 | G81: =E81+D81+F81 -> 75467.551 | H81: =G81/(1+'Parâmetros'!$B$14)^A81 -> 54512.772 | I81: =H81/'Parâmetros'!$B$7 -> 0.054512772 | J81: =SUM($D$2:D81) -> 56112.124 | K81: =G81-J81 -> 19355.427
... A481: 480 | B481: =ROUNDUP(A481/12,0) -> 40 | C481: =C480*(1+'Parâmetros'!$B$16) -> 24580.028 | D481: =C481 -> 24580.028 | E481: =G480 -> 11165820 | F481: =E481*'Parâmetros'!$B$13 -> 89037.816 | G481: =E481+D481+F481 -> 11279438 | H481: =G481/(1+'Parâmetros'!$B$14)^A481 -> 1602195.4 | I481: =H481/'Parâmetros'!$B$7 -> 1.6021954 | J481: =SUM($D$2:D481) -> 2973795.7 | K481: =G481-J481 -> 8305642.1
